<?xml version="1.0" encoding="UTF-8"?>
<!DOCTYPE mapper PUBLIC "-//mybatis.org//DTD Mapper 3.0//EN" "http://mybatis.org/dtd/mybatis-3-mapper.dtd">
<mapper namespace="com.boot.app.penalty.dao.PenaltyClaimRDAO">
	<resultMap id="BaseResultMap" type="com.boot.app.penalty.entity.PenaltyClaimR">
		<result column="CLAIM_NUMBER" property="claimNumber" jdbcType="CHAR"/>
		<result column="TIME_STAMP" property="timeStamp" jdbcType="CHAR"/>
		<result column="CLAIM_ID" property="claimId" jdbcType="CHAR"/>
		<result column="DESC_ClAIM_ID" property="descClaimId" jdbcType="CHAR"/>
		<result column="PENALTY_BATCH" property="penaltyBatch" jdbcType="CHAR"/>
		<result column="TYPE" property="type" jdbcType="CHAR"/>
		<result column="IS_USED" property="isUsed" jdbcType="INTEGER"/>
	</resultMap>

	<select id="selectBy" resultMap="BaseResultMap" parameterType="com.boot.app.penalty.entity.PenaltyClaimR">
		SELECT * FROM upload_penalty_claim_r WHERE 1=1
		<if test="claimNumber != null and claimNumber != ''">
			AND CLAIM_NUMBER = #{claimNumber}
		</if>
		<if test="timeStamp != null and timeStamp != ''">
			AND TIME_STAMP = #{timeStamp}
		</if>
		<if test="claimId != null and claimId != ''">
			AND CLAIM_ID = #{claimId}
		</if>
		<if test="descClaimId != null and descClaimId != ''">
			AND DESC_ClAIM_ID = #{descClaimId}
		</if>
		<if test="penaltyBatch != null and penaltyBatch != ''">
			AND PENALTY_BATCH = #{penaltyBatch}
		</if>
		<if test="type != null and type != ''">
			AND TYPE = #{type}
		</if>
		<if test="isUsed != null and isUsed != ''">
			AND IS_USED = #{isUsed}
		</if>
	</select>

	<insert id="insertBy" parameterType="com.boot.app.penalty.entity.PenaltyClaimR">
		INSERT INTO upload_penalty_claim_r
		(
			CLAIM_NUMBER,TIME_STAMP,CLAIM_ID,DESC_ClAIM_ID,
			PENALTY_BATCH,TYPE,IS_USED
		)
		VALUES
		(
			#{claimNumber},#{timeStamp},#{claimId},#{descClaimId},
			#{penaltyBatch},#{type},#{isUsed}
		)
	</insert>

	<update id="updateBy" parameterType="com.boot.app.penalty.entity.PenaltyClaimR">
		UPDATE upload_penalty_claim_r
		<set>
			<if test="claimNumber != null and claimNumber != ''">
				CLAIM_NUMBER = #{claimNumber},
			</if>
			<if test="timeStamp != null and timeStamp != ''">
				TIME_STAMP = #{timeStamp},
			</if>
			<if test="claimId != null and claimId != ''">
				CLAIM_ID = #{claimId},
			</if>
			<if test="descClaimId != null and descClaimId != ''">
				DESC_ClAIM_ID = #{descClaimId},
			</if>
			<if test="penaltyBatch != null and penaltyBatch != ''">
				PENALTY_BATCH = #{penaltyBatch},
			</if>
			<if test="type != null and type != ''">
				TYPE = #{type},
			</if>
			<if test="isUsed != null and isUsed != ''">
				IS_USED = #{isUsed},
			</if>
		</set>
		WHERE CLAIM_NUMBER = #{claimNumber}
	</update>

	<delete id="deleteBy" parameterType="com.boot.app.penalty.entity.PenaltyClaimR">
		DELETE FROM upload_penalty_claim_r WHERE 1=1
		<if test="claimNumber != null and claimNumber != ''">
			AND CLAIM_NUMBER = #{claimNumber}
		</if>
		<if test="timeStamp != null and timeStamp != ''">
			AND TIME_STAMP = #{timeStamp}
		</if>
		<if test="claimId != null and claimId != ''">
			AND CLAIM_ID = #{claimId}
		</if>
		<if test="descClaimId != null and descClaimId != ''">
			AND DESC_ClAIM_ID = #{descClaimId}
		</if>
		<if test="penaltyBatch != null and penaltyBatch != ''">
			AND PENALTY_BATCH = #{penaltyBatch}
		</if>
		<if test="type != null and type != ''">
			AND TYPE = #{type}
		</if>
		<if test="isUsed != null and isUsed != ''">
			AND IS_USED = #{isUsed}
		</if>
	</delete>

</mapper>
